{
    "training_time": 3514.9491923140013,
    "epochs": 50,
    "max_accuracy": 0.39469999074935913,
    "min_val_loss": 2.940319538116455,
    "min_train_loss": 3.104933023452759,
    "parameter_count": 3753700,
    "macs": 756480,
    "train_loss_hist": [
        4.516395568847656,
        4.343843460083008,
        4.253214359283447,
        4.193968296051025,
        4.136559009552002,
        4.078395843505859,
        4.03026008605957,
        3.981243371963501,
        3.9183592796325684,
        3.8799331188201904,
        3.8357279300689697,
        3.7926833629608154,
        3.7594974040985107,
        3.7350831031799316,
        3.7009527683258057,
        3.674689531326294,
        3.6394622325897217,
        3.618472099304199,
        3.5875496864318848,
        3.573587417602539,
        3.545696496963501,
        3.535924196243286,
        3.5184133052825928,
        3.4932096004486084,
        3.471146821975708,
        3.46604323387146,
        3.4367640018463135,
        3.4123194217681885,
        3.404217481613159,
        3.3847670555114746,
        3.3772354125976562,
        3.3531689643859863,
        3.3284823894500732,
        3.3254151344299316,
        3.3067755699157715,
        3.2971391677856445,
        3.283137798309326,
        3.2672672271728516,
        3.2455523014068604,
        3.2266783714294434,
        3.2253239154815674,
        3.2053496837615967,
        3.190145969390869,
        3.1768829822540283,
        3.171560525894165,
        3.1579649448394775,
        3.137352466583252,
        3.1346535682678223,
        3.1152355670928955,
        3.104933023452759
    ],
    "val_loss_hist": [
        4.370302200317383,
        4.197768211364746,
        4.088740348815918,
        4.005457401275635,
        3.954134464263916,
        3.884233236312866,
        3.814409017562866,
        3.7605161666870117,
        3.6799819469451904,
        3.6296207904815674,
        3.6019086837768555,
        3.519906997680664,
        3.5037736892700195,
        3.4658021926879883,
        3.4340925216674805,
        3.4270153045654297,
        3.4053711891174316,
        3.3543691635131836,
        3.3424181938171387,
        3.320300340652466,
        3.2866506576538086,
        3.2673628330230713,
        3.244030714035034,
        3.231684923171997,
        3.231147289276123,
        3.1926639080047607,
        3.179636240005493,
        3.1843671798706055,
        3.152526617050171,
        3.1526987552642822,
        3.1549670696258545,
        3.106555461883545,
        3.095829963684082,
        3.093308448791504,
        3.084277391433716,
        3.054210662841797,
        3.0555524826049805,
        3.037984848022461,
        3.0318050384521484,
        3.0107581615448,
        3.037107467651367,
        3.0013680458068848,
        2.9952950477600098,
        2.992663860321045,
        2.9871912002563477,
        2.975271701812744,
        2.973276376724243,
        2.9760079383850098,
        2.9568610191345215,
        2.940319538116455
    ],
    "accuracy_hist": [
        0.060100000351667404,
        0.09269999712705612,
        0.12189999967813492,
        0.1354999989271164,
        0.1574999988079071,
        0.1712000072002411,
        0.1843000054359436,
        0.19930000603199005,
        0.21529999375343323,
        0.2240999937057495,
        0.23280000686645508,
        0.24959999322891235,
        0.26109999418258667,
        0.2685999870300293,
        0.2770000100135803,
        0.2736999988555908,
        0.28049999475479126,
        0.29319998621940613,
        0.29249998927116394,
        0.3028999865055084,
        0.30869999527931213,
        0.3156000077724457,
        0.31929999589920044,
        0.31929999589920044,
        0.32339999079704285,
        0.32330000400543213,
        0.32919999957084656,
        0.33320000767707825,
        0.3366999924182892,
        0.33899998664855957,
        0.3398999869823456,
        0.3467000126838684,
        0.35749998688697815,
        0.36039999127388,
        0.3596000075340271,
        0.36250001192092896,
        0.365200012922287,
        0.37279999256134033,
        0.37439998984336853,
        0.3758000135421753,
        0.3700000047683716,
        0.37929999828338623,
        0.37720000743865967,
        0.38370001316070557,
        0.385699987411499,
        0.38679999113082886,
        0.38839998841285706,
        0.3871999979019165,
        0.3903000056743622,
        0.39469999074935913
    ]
}