{
    "training_time": 3545.9175062210415,
    "epochs": 50,
    "max_accuracy": 0.41990000009536743,
    "min_val_loss": 2.8768625259399414,
    "min_train_loss": 2.9729886054992676,
    "parameter_count": 5527780,
    "macs": 756480,
    "train_loss_hist": [
        4.526289939880371,
        4.350767612457275,
        4.251596450805664,
        4.178860187530518,
        4.107311725616455,
        4.062228202819824,
        3.998363733291626,
        3.950378894805908,
        3.896899938583374,
        3.8464672565460205,
        3.803741216659546,
        3.7566945552825928,
        3.7201168537139893,
        3.680982828140259,
        3.654012680053711,
        3.6105563640594482,
        3.579944133758545,
        3.5592613220214844,
        3.5197079181671143,
        3.5018389225006104,
        3.4801137447357178,
        3.4467434883117676,
        3.4230756759643555,
        3.3985142707824707,
        3.3821446895599365,
        3.3722710609436035,
        3.3341808319091797,
        3.318958044052124,
        3.305119514465332,
        3.284945249557495,
        3.2626540660858154,
        3.249311685562134,
        3.228006362915039,
        3.2106857299804688,
        3.1927499771118164,
        3.178539276123047,
        3.1614832878112793,
        3.147231101989746,
        3.1368446350097656,
        3.113769292831421,
        3.0927889347076416,
        3.0761659145355225,
        3.073964834213257,
        3.0387954711914062,
        3.0457797050476074,
        3.0164408683776855,
        3.000884771347046,
        3.003858804702759,
        2.978030204772949,
        2.9729886054992676
    ],
    "val_loss_hist": [
        4.377989768981934,
        4.207822799682617,
        4.0846710205078125,
        4.014314651489258,
        3.919433355331421,
        3.867067337036133,
        3.8155722618103027,
        3.720130205154419,
        3.6494007110595703,
        3.600213050842285,
        3.5521936416625977,
        3.4847960472106934,
        3.453934669494629,
        3.3923707008361816,
        3.3863296508789062,
        3.3341798782348633,
        3.295935869216919,
        3.2784652709960938,
        3.2429380416870117,
        3.2320821285247803,
        3.2107152938842773,
        3.179792881011963,
        3.146029233932495,
        3.1326980590820312,
        3.1187334060668945,
        3.117760181427002,
        3.0866761207580566,
        3.0571980476379395,
        3.064958095550537,
        3.0711140632629395,
        3.046664237976074,
        3.030141830444336,
        3.011037826538086,
        2.973968029022217,
        2.9603919982910156,
        2.979938507080078,
        2.9734041690826416,
        2.947521209716797,
        2.9234373569488525,
        2.9174041748046875,
        2.9040045738220215,
        2.901597738265991,
        2.886587142944336,
        2.891183614730835,
        2.9057488441467285,
        2.872025489807129,
        2.8636374473571777,
        2.8760242462158203,
        2.8826544284820557,
        2.8768625259399414
    ],
    "accuracy_hist": [
        0.06390000134706497,
        0.09179999679327011,
        0.12129999697208405,
        0.13860000669956207,
        0.16519999504089355,
        0.17190000414848328,
        0.1858000010251999,
        0.20759999752044678,
        0.22519999742507935,
        0.23109999299049377,
        0.2476000040769577,
        0.266400009393692,
        0.2705000042915344,
        0.2854999899864197,
        0.28450000286102295,
        0.29280000925064087,
        0.30970001220703125,
        0.3109000027179718,
        0.3190999925136566,
        0.320499986410141,
        0.3246000111103058,
        0.33340001106262207,
        0.33889999985694885,
        0.3379000127315521,
        0.3537999987602234,
        0.3506999909877777,
        0.35519999265670776,
        0.36730000376701355,
        0.36169999837875366,
        0.36010000109672546,
        0.36489999294281006,
        0.3756999969482422,
        0.3776000142097473,
        0.3847000002861023,
        0.39430001378059387,
        0.3855000138282776,
        0.38760000467300415,
        0.3928999900817871,
        0.4041000008583069,
        0.4004000127315521,
        0.40720000863075256,
        0.4020000100135803,
        0.4099999964237213,
        0.40959998965263367,
        0.4068000018596649,
        0.41830000281333923,
        0.41850000619888306,
        0.4156000018119812,
        0.41260001063346863,
        0.41990000009536743
    ]
}