{
    "training_time": 3547.218649172981,
    "epochs": 50,
    "max_accuracy": 0.4368000030517578,
    "min_val_loss": 2.952906608581543,
    "min_train_loss": 2.312237024307251,
    "parameter_count": 21578788,
    "macs": 1420032,
    "train_loss_hist": [
        4.485109806060791,
        4.309136390686035,
        4.218306541442871,
        4.140378952026367,
        4.04957914352417,
        3.972039222717285,
        3.8921291828155518,
        3.8091344833374023,
        3.7394826412200928,
        3.669602870941162,
        3.6027941703796387,
        3.552990674972534,
        3.5088937282562256,
        3.436607599258423,
        3.400639057159424,
        3.3575551509857178,
        3.3139097690582275,
        3.2582666873931885,
        3.226921558380127,
        3.196167230606079,
        3.1584298610687256,
        3.1266860961914062,
        3.0804688930511475,
        3.0466861724853516,
        3.004155397415161,
        2.975975275039673,
        2.92763090133667,
        2.8957653045654297,
        2.868013620376587,
        2.8361330032348633,
        2.798755407333374,
        2.7704739570617676,
        2.7262911796569824,
        2.704580545425415,
        2.6761860847473145,
        2.635017156600952,
        2.6085779666900635,
        2.5809390544891357,
        2.546719551086426,
        2.5241587162017822,
        2.487661600112915,
        2.453295946121216,
        2.4335055351257324,
        2.409907341003418,
        2.380744218826294,
        2.3629000186920166,
        2.331758737564087,
        2.312237024307251,
        2.2886364459991455,
        2.270679235458374
    ],
    "val_loss_hist": [
        4.305004119873047,
        4.141947269439697,
        4.033928871154785,
        3.9489550590515137,
        3.852025032043457,
        3.7640633583068848,
        3.6264262199401855,
        3.532282829284668,
        3.4528026580810547,
        3.3989062309265137,
        3.3381106853485107,
        3.293949842453003,
        3.2032575607299805,
        3.1671926975250244,
        3.1588730812072754,
        3.110750913619995,
        3.072956085205078,
        3.066462516784668,
        3.0164737701416016,
        3.04178786277771,
        2.9949753284454346,
        3.0044190883636475,
        2.9534659385681152,
        2.9348232746124268,
        2.9150891304016113,
        2.9148566722869873,
        2.912580966949463,
        2.878857135772705,
        2.9104409217834473,
        2.9013352394104004,
        2.886948585510254,
        2.877117156982422,
        2.888263702392578,
        2.8539979457855225,
        2.8643829822540283,
        2.859710931777954,
        2.889671802520752,
        2.8872551918029785,
        2.903244972229004,
        2.8969554901123047,
        2.8854446411132812,
        2.893606662750244,
        2.926168203353882,
        2.93839430809021,
        2.9267022609710693,
        2.910722494125366,
        2.968738079071045,
        2.952906608581543,
        2.951167345046997,
        2.9715020656585693
    ],
    "accuracy_hist": [
        0.07289999723434448,
        0.10249999910593033,
        0.1306000053882599,
        0.14749999344348907,
        0.17020000517368317,
        0.18459999561309814,
        0.22589999437332153,
        0.24549999833106995,
        0.26440000534057617,
        0.28209999203681946,
        0.2978000044822693,
        0.30070000886917114,
        0.325300008058548,
        0.3345000147819519,
        0.34049999713897705,
        0.3458999991416931,
        0.361299991607666,
        0.3614000082015991,
        0.3752000033855438,
        0.36809998750686646,
        0.38339999318122864,
        0.37689998745918274,
        0.39160001277923584,
        0.3944000005722046,
        0.40689998865127563,
        0.3995000123977661,
        0.4016000032424927,
        0.413100004196167,
        0.4016999900341034,
        0.4113999903202057,
        0.41440001130104065,
        0.41609999537467957,
        0.41659998893737793,
        0.4269999861717224,
        0.4244999885559082,
        0.4302000105381012,
        0.42489999532699585,
        0.4255000054836273,
        0.42660000920295715,
        0.42899999022483826,
        0.43290001153945923,
        0.4284999966621399,
        0.4275999963283539,
        0.4259999990463257,
        0.4291999936103821,
        0.43459999561309814,
        0.4235999882221222,
        0.4368000030517578,
        0.43560001254081726,
        0.430400013923645
    ]
}