{
    "training_time": 3577.9973651740584,
    "epochs": 50,
    "max_accuracy": 0.41130000352859497,
    "min_val_loss": 3.0246758460998535,
    "min_train_loss": 2.7032907009124756,
    "parameter_count": 14491684,
    "macs": 1420032,
    "train_loss_hist": [
        4.501893997192383,
        4.343426704406738,
        4.254866600036621,
        4.178123474121094,
        4.107183933258057,
        4.035050868988037,
        3.947842597961426,
        3.880229949951172,
        3.8086116313934326,
        3.7623491287231445,
        3.6920268535614014,
        3.6500518321990967,
        3.6080451011657715,
        3.564014434814453,
        3.5334455966949463,
        3.491241931915283,
        3.441979169845581,
        3.413863182067871,
        3.3785159587860107,
        3.3413877487182617,
        3.320469856262207,
        3.28310227394104,
        3.2515060901641846,
        3.2242109775543213,
        3.1830649375915527,
        3.1463027000427246,
        3.134686231613159,
        3.094050407409668,
        3.065755605697632,
        3.0383894443511963,
        3.001389503479004,
        2.982217788696289,
        2.938185930252075,
        2.9338388442993164,
        2.8892874717712402,
        2.873422384262085,
        2.837955951690674,
        2.8134825229644775,
        2.7933602333068848,
        2.7500131130218506,
        2.7359962463378906,
        2.7032907009124756,
        2.6809327602386475,
        2.6528570652008057,
        2.6365158557891846,
        2.6080009937286377,
        2.5795109272003174,
        2.560055732727051,
        2.546050548553467,
        2.5307087898254395
    ],
    "val_loss_hist": [
        4.327273845672607,
        4.182898998260498,
        4.113149642944336,
        4.030990123748779,
        3.9184153079986572,
        3.851391315460205,
        3.7295196056365967,
        3.625373601913452,
        3.563758373260498,
        3.514538049697876,
        3.435384511947632,
        3.4278836250305176,
        3.361901044845581,
        3.3181915283203125,
        3.294919490814209,
        3.261274814605713,
        3.235051393508911,
        3.2052736282348633,
        3.1863043308258057,
        3.178506851196289,
        3.146193027496338,
        3.114248275756836,
        3.09908127784729,
        3.082876205444336,
        3.1012535095214844,
        3.08125901222229,
        3.0594401359558105,
        3.074753761291504,
        3.036454439163208,
        3.022237777709961,
        3.0434956550598145,
        3.03460693359375,
        3.002998113632202,
        3.018690347671509,
        3.0586636066436768,
        3.0193674564361572,
        3.0152535438537598,
        3.044388771057129,
        3.031029224395752,
        3.0291666984558105,
        3.034761667251587,
        3.0246758460998535,
        3.0581016540527344,
        3.0663235187530518,
        3.051178216934204,
        3.0525362491607666,
        3.061307430267334,
        3.0638489723205566,
        3.0622239112854004,
        3.0799007415771484
    ],
    "accuracy_hist": [
        0.0763000026345253,
        0.09849999845027924,
        0.1193000003695488,
        0.13860000669956207,
        0.17110000550746918,
        0.18529999256134033,
        0.21549999713897705,
        0.23600000143051147,
        0.25060001015663147,
        0.2655999958515167,
        0.28360000252723694,
        0.28600001335144043,
        0.3025999963283539,
        0.30820000171661377,
        0.3237999975681305,
        0.3260999917984009,
        0.3330000042915344,
        0.34220001101493835,
        0.33869999647140503,
        0.3483999967575073,
        0.35929998755455017,
        0.36059999465942383,
        0.3668999969959259,
        0.3734999895095825,
        0.3675000071525574,
        0.37369999289512634,
        0.3774000108242035,
        0.3783000111579895,
        0.39160001277923584,
        0.3912999927997589,
        0.3887999951839447,
        0.39010000228881836,
        0.39989998936653137,
        0.40059998631477356,
        0.39410001039505005,
        0.4016999900341034,
        0.4036000072956085,
        0.39579999446868896,
        0.398499995470047,
        0.4050999879837036,
        0.40610000491142273,
        0.41130000352859497,
        0.39629998803138733,
        0.40119999647140503,
        0.4004000127315521,
        0.4056999981403351,
        0.4056999981403351,
        0.4074999988079071,
        0.4097999930381775,
        0.4065000116825104
    ]
}