{
    "training_time": 1936.916045385995,
    "epochs": 50,
    "max_accuracy": 0.35920000076293945,
    "min_val_loss": 3.1020498275756836,
    "min_train_loss": 3.4000790119171143,
    "parameter_count": 2249444,
    "macs": 897536,
    "train_loss_hist": [
        4.549770832061768,
        4.424270153045654,
        4.336158752441406,
        4.2730712890625,
        4.219729900360107,
        4.188634395599365,
        4.1322832107543945,
        4.088169097900391,
        4.045891284942627,
        3.9967122077941895,
        3.978543758392334,
        3.938101291656494,
        3.9198849201202393,
        3.8893203735351562,
        3.8593268394470215,
        3.8482019901275635,
        3.8173696994781494,
        3.78905987739563,
        3.766608953475952,
        3.750988006591797,
        3.7375648021698,
        3.7243099212646484,
        3.700629949569702,
        3.6807804107666016,
        3.675163745880127,
        3.647937059402466,
        3.638767957687378,
        3.6292436122894287,
        3.612961530685425,
        3.5998458862304688,
        3.585294723510742,
        3.5702433586120605,
        3.5621259212493896,
        3.5495412349700928,
        3.535533905029297,
        3.5206539630889893,
        3.515577554702759,
        3.501600503921509,
        3.4840943813323975,
        3.4924769401550293,
        3.467933177947998,
        3.468362331390381,
        3.4493324756622314,
        3.4317336082458496,
        3.4295732975006104,
        3.4282641410827637,
        3.4162344932556152,
        3.4000790119171143,
        3.3858280181884766,
        3.3734095096588135
    ],
    "val_loss_hist": [
        4.445598125457764,
        4.290318489074707,
        4.183557987213135,
        4.115157604217529,
        4.052905082702637,
        4.016397953033447,
        3.933682680130005,
        3.8665528297424316,
        3.8065595626831055,
        3.7722766399383545,
        3.7290186882019043,
        3.683790683746338,
        3.6592581272125244,
        3.6205666065216064,
        3.5949413776397705,
        3.5626449584960938,
        3.5369796752929688,
        3.4941043853759766,
        3.4775447845458984,
        3.456789255142212,
        3.4400224685668945,
        3.4082319736480713,
        3.4030370712280273,
        3.389472007751465,
        3.3533809185028076,
        3.364915132522583,
        3.3165695667266846,
        3.3173716068267822,
        3.292823553085327,
        3.271416187286377,
        3.2801315784454346,
        3.2517709732055664,
        3.2445616722106934,
        3.2315053939819336,
        3.23311185836792,
        3.2021586894989014,
        3.20011043548584,
        3.185116767883301,
        3.1946029663085938,
        3.186389684677124,
        3.1515164375305176,
        3.1681928634643555,
        3.136470317840576,
        3.1305177211761475,
        3.1242611408233643,
        3.1218841075897217,
        3.115010976791382,
        3.1020498275756836,
        3.0912604331970215,
        3.090771436691284
    ],
    "accuracy_hist": [
        0.053300000727176666,
        0.08959999680519104,
        0.10989999771118164,
        0.12120000272989273,
        0.14329999685287476,
        0.15379999577999115,
        0.17090000212192535,
        0.1826000064611435,
        0.19589999318122864,
        0.20440000295639038,
        0.20970000326633453,
        0.22120000422000885,
        0.22849999368190765,
        0.2409999966621399,
        0.24320000410079956,
        0.2531999945640564,
        0.2614000141620636,
        0.26930001378059387,
        0.26649999618530273,
        0.27230000495910645,
        0.2777000069618225,
        0.2883000075817108,
        0.28459998965263367,
        0.28619998693466187,
        0.3003999888896942,
        0.2953000068664551,
        0.30709999799728394,
        0.30809998512268066,
        0.3125999867916107,
        0.31630000472068787,
        0.3174999952316284,
        0.323199987411499,
        0.32339999079704285,
        0.32190001010894775,
        0.3237999975681305,
        0.33219999074935913,
        0.3343000113964081,
        0.33500000834465027,
        0.3379000127315521,
        0.3377000093460083,
        0.3402000069618225,
        0.3382999897003174,
        0.34700000286102295,
        0.35010001063346863,
        0.3537999987602234,
        0.3515999913215637,
        0.3546000123023987,
        0.35920000076293945,
        0.35670000314712524,
        0.3580999970436096
    ]
}