{
    "training_time": 588.2126498630387,
    "epochs": 50,
    "max_accuracy": 0.4392000138759613,
    "min_val_loss": 2.7863099575042725,
    "min_train_loss": 3.071697235107422,
    "parameter_count": 1377508,
    "macs": 756480,
    "train_loss_hist": [
        4.522385597229004,
        4.364959716796875,
        4.248251438140869,
        4.168284893035889,
        4.0915679931640625,
        4.033346176147461,
        3.9795894622802734,
        3.927163600921631,
        3.8736093044281006,
        3.8213858604431152,
        3.7668025493621826,
        3.7378132343292236,
        3.7111659049987793,
        3.6631078720092773,
        3.6337339878082275,
        3.6140003204345703,
        3.584338665008545,
        3.5459156036376953,
        3.5270965099334717,
        3.512516498565674,
        3.4860925674438477,
        3.4586691856384277,
        3.4381306171417236,
        3.4243247509002686,
        3.4027109146118164,
        3.3791627883911133,
        3.374999523162842,
        3.347364902496338,
        3.332589864730835,
        3.3184266090393066,
        3.302675485610962,
        3.289422035217285,
        3.262551784515381,
        3.257007122039795,
        3.244046926498413,
        3.237591505050659,
        3.2237823009490967,
        3.2087244987487793,
        3.2030651569366455,
        3.179642915725708,
        3.1622467041015625,
        3.1458067893981934,
        3.1469075679779053,
        3.1366724967956543,
        3.1168689727783203,
        3.108553409576416,
        3.106318712234497,
        3.092247486114502,
        3.084350824356079,
        3.071697235107422
    ],
    "val_loss_hist": [
        4.373874664306641,
        4.203758716583252,
        4.066592693328857,
        3.9825806617736816,
        3.8794901371002197,
        3.7920379638671875,
        3.7174479961395264,
        3.686558246612549,
        3.60359525680542,
        3.547760009765625,
        3.4930858612060547,
        3.4289937019348145,
        3.391523599624634,
        3.3506875038146973,
        3.304460287094116,
        3.306013822555542,
        3.2610325813293457,
        3.2436068058013916,
        3.2087626457214355,
        3.176896572113037,
        3.155045986175537,
        3.1358182430267334,
        3.1227810382843018,
        3.080392360687256,
        3.079439401626587,
        3.0629401206970215,
        3.0603926181793213,
        3.035186529159546,
        3.0017547607421875,
        3.012803792953491,
        2.975316047668457,
        2.9732532501220703,
        2.938478708267212,
        2.9475953578948975,
        2.937554121017456,
        2.9243545532226562,
        2.9214611053466797,
        2.9138283729553223,
        2.89682936668396,
        2.881181240081787,
        2.880744695663452,
        2.8774147033691406,
        2.8884429931640625,
        2.8599092960357666,
        2.8449864387512207,
        2.8581995964050293,
        2.8235056400299072,
        2.8211605548858643,
        2.8270373344421387,
        2.7863099575042725
    ],
    "accuracy_hist": [
        0.0706000030040741,
        0.10239999741315842,
        0.1200999990105629,
        0.14329999685287476,
        0.17159999907016754,
        0.18629999458789825,
        0.20649999380111694,
        0.2159000039100647,
        0.23420000076293945,
        0.2467000037431717,
        0.26249998807907104,
        0.27250000834465027,
        0.2854999899864197,
        0.289900004863739,
        0.3046000003814697,
        0.30320000648498535,
        0.3147999942302704,
        0.3181000053882599,
        0.32249999046325684,
        0.33809998631477356,
        0.3402000069618225,
        0.35019999742507935,
        0.3513000011444092,
        0.3587000072002411,
        0.35830000042915344,
        0.3662000000476837,
        0.3698999881744385,
        0.3779999911785126,
        0.38089999556541443,
        0.3824999928474426,
        0.38909998536109924,
        0.39250001311302185,
        0.39809998869895935,
        0.39559999108314514,
        0.4007999897003174,
        0.4025000035762787,
        0.4036000072956085,
        0.40059998631477356,
        0.4068000018596649,
        0.4187999963760376,
        0.41440001130104065,
        0.40959998965263367,
        0.41029998660087585,
        0.4187999963760376,
        0.4221999943256378,
        0.4198000133037567,
        0.4311999976634979,
        0.43070000410079956,
        0.4260999858379364,
        0.4392000138759613
    ]
}