{
    "training_time": 2018.1339854890248,
    "epochs": 50,
    "max_accuracy": 0.4083999991416931,
    "min_val_loss": 2.863128185272217,
    "min_train_loss": 2.928140163421631,
    "parameter_count": 8647140,
    "macs": 1749504,
    "train_loss_hist": [
        4.532257556915283,
        4.383978366851807,
        4.281283378601074,
        4.2016425132751465,
        4.135692596435547,
        4.061218738555908,
        4.0102081298828125,
        3.9462547302246094,
        3.8924450874328613,
        3.846510648727417,
        3.7974743843078613,
        3.758505344390869,
        3.7157793045043945,
        3.6841394901275635,
        3.6481668949127197,
        3.6125168800354004,
        3.581756114959717,
        3.5519919395446777,
        3.525751829147339,
        3.497859001159668,
        3.4786956310272217,
        3.4572994709014893,
        3.423025131225586,
        3.398503065109253,
        3.3776984214782715,
        3.3595829010009766,
        3.327794313430786,
        3.3168418407440186,
        3.2909512519836426,
        3.2697575092315674,
        3.2548937797546387,
        3.2246668338775635,
        3.223867654800415,
        3.1946005821228027,
        3.1722991466522217,
        3.166239023208618,
        3.132032632827759,
        3.1158764362335205,
        3.106569766998291,
        3.0925323963165283,
        3.0764880180358887,
        3.0495011806488037,
        3.0363497734069824,
        3.0064034461975098,
        2.997673511505127,
        2.9793379306793213,
        2.972250461578369,
        2.95167875289917,
        2.936899185180664,
        2.928140163421631
    ],
    "val_loss_hist": [
        4.394425868988037,
        4.234541893005371,
        4.102330684661865,
        3.995833158493042,
        3.9083127975463867,
        3.829596519470215,
        3.7411692142486572,
        3.677280902862549,
        3.618018627166748,
        3.564316987991333,
        3.501014232635498,
        3.450303316116333,
        3.410060167312622,
        3.3577306270599365,
        3.329212188720703,
        3.3001561164855957,
        3.260721445083618,
        3.2423744201660156,
        3.2316393852233887,
        3.2023229598999023,
        3.1865296363830566,
        3.141371011734009,
        3.1146178245544434,
        3.1049246788024902,
        3.0965425968170166,
        3.081421375274658,
        3.0647318363189697,
        3.0539767742156982,
        3.0237691402435303,
        3.0298304557800293,
        3.0158162117004395,
        3.0028672218322754,
        2.9784457683563232,
        2.9655301570892334,
        2.983649253845215,
        2.959909677505493,
        2.943983793258667,
        2.9456536769866943,
        2.928342819213867,
        2.9187793731689453,
        2.929429769515991,
        2.9111430644989014,
        2.9049384593963623,
        2.8961524963378906,
        2.878774642944336,
        2.9044981002807617,
        2.8995156288146973,
        2.8790438175201416,
        2.905470848083496,
        2.863128185272217
    ],
    "accuracy_hist": [
        0.06960000097751617,
        0.10000000149011612,
        0.13279999792575836,
        0.15160000324249268,
        0.16740000247955322,
        0.1875,
        0.21199999749660492,
        0.21930000185966492,
        0.23309999704360962,
        0.24410000443458557,
        0.2578999996185303,
        0.26739999651908875,
        0.27619999647140503,
        0.28600001335144043,
        0.295199990272522,
        0.30410000681877136,
        0.3061999976634979,
        0.3124000132083893,
        0.3203999996185303,
        0.32010000944137573,
        0.32339999079704285,
        0.33899998664855957,
        0.3427000045776367,
        0.34610000252723694,
        0.351500004529953,
        0.3506999909877777,
        0.3596999943256378,
        0.35589998960494995,
        0.364300012588501,
        0.3686000108718872,
        0.3700999915599823,
        0.37070000171661377,
        0.37549999356269836,
        0.38100001215934753,
        0.37770000100135803,
        0.38670000433921814,
        0.3871999979019165,
        0.3864000141620636,
        0.39239999651908875,
        0.39579999446868896,
        0.39309999346733093,
        0.3953000009059906,
        0.4047999978065491,
        0.398499995470047,
        0.4050000011920929,
        0.4027999937534332,
        0.40299999713897705,
        0.40549999475479126,
        0.40610000491142273,
        0.4083999991416931
    ]
}