{
    "training_time": 753.6760817100294,
    "epochs": 50,
    "max_accuracy": 0.44609999656677246,
    "min_val_loss": 2.8002028465270996,
    "min_train_loss": 2.833796501159668,
    "parameter_count": 2565604,
    "macs": 756480,
    "train_loss_hist": [
        4.513818264007568,
        4.3596038818359375,
        4.257115364074707,
        4.181560516357422,
        4.102534770965576,
        4.0384745597839355,
        3.972620725631714,
        3.910142183303833,
        3.838630437850952,
        3.782805919647217,
        3.727853298187256,
        3.6878414154052734,
        3.6433730125427246,
        3.6058480739593506,
        3.5651981830596924,
        3.5334770679473877,
        3.496626138687134,
        3.466644525527954,
        3.4326436519622803,
        3.4050307273864746,
        3.3832449913024902,
        3.349256753921509,
        3.3247804641723633,
        3.305875778198242,
        3.2687015533447266,
        3.246746063232422,
        3.2321107387542725,
        3.204519748687744,
        3.183690309524536,
        3.1651103496551514,
        3.143709897994995,
        3.1157097816467285,
        3.105586051940918,
        3.0709259510040283,
        3.056814432144165,
        3.033947706222534,
        3.015289306640625,
        2.999479293823242,
        2.98738431930542,
        2.9672791957855225,
        2.939511299133301,
        2.9227442741394043,
        2.915060520172119,
        2.8983876705169678,
        2.894747018814087,
        2.872095823287964,
        2.846301317214966,
        2.833796501159668,
        2.82191801071167,
        2.8044331073760986
    ],
    "val_loss_hist": [
        4.350537300109863,
        4.205929756164551,
        4.10474157333374,
        3.9923105239868164,
        3.9037981033325195,
        3.7957687377929688,
        3.7431416511535645,
        3.686774730682373,
        3.6143155097961426,
        3.5199127197265625,
        3.4524505138397217,
        3.410627603530884,
        3.384108543395996,
        3.3235278129577637,
        3.285696506500244,
        3.2338926792144775,
        3.2236969470977783,
        3.1826624870300293,
        3.168210983276367,
        3.1282079219818115,
        3.119666576385498,
        3.1010353565216064,
        3.0562801361083984,
        3.052112102508545,
        3.029625415802002,
        2.9920504093170166,
        3.002747058868408,
        2.9713332653045654,
        2.9631245136260986,
        2.9684057235717773,
        2.93961763381958,
        2.900174379348755,
        2.9020676612854004,
        2.875356674194336,
        2.889561414718628,
        2.888746976852417,
        2.860159397125244,
        2.863893985748291,
        2.854808807373047,
        2.8711044788360596,
        2.8630948066711426,
        2.8171463012695312,
        2.8341495990753174,
        2.832520008087158,
        2.8333616256713867,
        2.8228540420532227,
        2.836562156677246,
        2.8002028465270996,
        2.8278772830963135,
        2.8076891899108887
    ],
    "accuracy_hist": [
        0.06080000102519989,
        0.09160000085830688,
        0.11900000274181366,
        0.14030000567436218,
        0.16009999811649323,
        0.19140000641345978,
        0.19939999282360077,
        0.21089999377727509,
        0.22450000047683716,
        0.25099998712539673,
        0.2685999870300293,
        0.27900001406669617,
        0.2847999930381775,
        0.295199990272522,
        0.3082999885082245,
        0.31630000472068787,
        0.32190001010894775,
        0.33000001311302185,
        0.34209999442100525,
        0.3427000045776367,
        0.3508000075817108,
        0.3472000062465668,
        0.36329999566078186,
        0.3675999939441681,
        0.37220001220703125,
        0.3806999921798706,
        0.3767000138759613,
        0.39070001244544983,
        0.3921999931335449,
        0.3894999921321869,
        0.39750000834465027,
        0.4092999994754791,
        0.41100001335144043,
        0.4108999967575073,
        0.41530001163482666,
        0.41429999470710754,
        0.4203000068664551,
        0.41940000653266907,
        0.4287000000476837,
        0.4171000123023987,
        0.4268999993801117,
        0.43220001459121704,
        0.4293999969959259,
        0.4357999861240387,
        0.43320000171661377,
        0.43720000982284546,
        0.439300000667572,
        0.44609999656677246,
        0.44029998779296875,
        0.4410000145435333
    ]
}