{
    "training_time": 1966.5215272970381,
    "epochs": 50,
    "max_accuracy": 0.32179999351501465,
    "min_val_loss": 3.1812193393707275,
    "min_train_loss": 3.4577476978302,
    "parameter_count": 2274020,
    "macs": 897536,
    "train_loss_hist": [
        4.525874614715576,
        4.387196063995361,
        4.316035270690918,
        4.264410018920898,
        4.218360900878906,
        4.178190231323242,
        4.141860485076904,
        4.10435676574707,
        4.0719990730285645,
        4.042187213897705,
        4.011239528656006,
        3.984335422515869,
        3.9664769172668457,
        3.9465248584747314,
        3.9260244369506836,
        3.8975491523742676,
        3.883819103240967,
        3.8587377071380615,
        3.8431668281555176,
        3.8182907104492188,
        3.7992935180664062,
        3.781324625015259,
        3.7696523666381836,
        3.7482635974884033,
        3.7355692386627197,
        3.720839262008667,
        3.7071282863616943,
        3.691890239715576,
        3.672316789627075,
        3.666107416152954,
        3.6461336612701416,
        3.6410934925079346,
        3.6191015243530273,
        3.6044747829437256,
        3.5955562591552734,
        3.582951068878174,
        3.576291799545288,
        3.5548083782196045,
        3.5415003299713135,
        3.548656940460205,
        3.5358331203460693,
        3.516047477722168,
        3.5103187561035156,
        3.496284246444702,
        3.4817678928375244,
        3.4766123294830322,
        3.4692697525024414,
        3.4592010974884033,
        3.4577476978302,
        3.4443914890289307
    ],
    "val_loss_hist": [
        4.394763469696045,
        4.234768867492676,
        4.1624908447265625,
        4.104090213775635,
        4.040689945220947,
        3.9954159259796143,
        3.945239305496216,
        3.9058754444122314,
        3.8618271350860596,
        3.816244602203369,
        3.7981085777282715,
        3.7617292404174805,
        3.734057664871216,
        3.6946513652801514,
        3.6750245094299316,
        3.641369342803955,
        3.6292612552642822,
        3.59649658203125,
        3.5867412090301514,
        3.55143666267395,
        3.5440711975097656,
        3.517528533935547,
        3.5076379776000977,
        3.4800832271575928,
        3.457489013671875,
        3.446577787399292,
        3.4237847328186035,
        3.40793514251709,
        3.3979365825653076,
        3.370161294937134,
        3.3512625694274902,
        3.350647449493408,
        3.3252196311950684,
        3.297654390335083,
        3.3052003383636475,
        3.297884941101074,
        3.2825088500976562,
        3.275082588195801,
        3.269944906234741,
        3.2747414112091064,
        3.254844903945923,
        3.240558385848999,
        3.2535791397094727,
        3.2237467765808105,
        3.2260026931762695,
        3.209319591522217,
        3.2012603282928467,
        3.1883544921875,
        3.1812193393707275,
        3.19350528717041
    ],
    "accuracy_hist": [
        0.06279999762773514,
        0.08540000021457672,
        0.1014999970793724,
        0.11990000307559967,
        0.13439999520778656,
        0.13619999587535858,
        0.14810000360012054,
        0.16449999809265137,
        0.17419999837875366,
        0.17890000343322754,
        0.18230000138282776,
        0.1915999948978424,
        0.1987999975681305,
        0.21170000731945038,
        0.21480000019073486,
        0.22439999878406525,
        0.22579999268054962,
        0.23600000143051147,
        0.23260000348091125,
        0.2410999983549118,
        0.24060000479221344,
        0.24819999933242798,
        0.24650000035762787,
        0.25380000472068787,
        0.2619999945163727,
        0.2624000012874603,
        0.26579999923706055,
        0.2721000015735626,
        0.27149999141693115,
        0.27889999747276306,
        0.2842999994754791,
        0.28279998898506165,
        0.28780001401901245,
        0.2928999960422516,
        0.2912999987602234,
        0.2939999997615814,
        0.29789999127388,
        0.30000001192092896,
        0.3012999892234802,
        0.2971000075340271,
        0.30230000615119934,
        0.3061000108718872,
        0.301800012588501,
        0.31360000371932983,
        0.3111000061035156,
        0.3100000023841858,
        0.31459999084472656,
        0.3163999915122986,
        0.32179999351501465,
        0.32010000944137573
    ]
}