{
    "training_time": 529.1964151859866,
    "epochs": 50,
    "max_accuracy": 0.37860000133514404,
    "min_val_loss": 2.9646401405334473,
    "min_train_loss": 3.214860200881958,
    "parameter_count": 1395940,
    "macs": 756480,
    "train_loss_hist": [
        4.5201416015625,
        4.358322620391846,
        4.251969337463379,
        4.186372756958008,
        4.136720657348633,
        4.071792125701904,
        4.017092227935791,
        3.9633853435516357,
        3.9330928325653076,
        3.8802545070648193,
        3.843236207962036,
        3.7940526008605957,
        3.7694523334503174,
        3.747926950454712,
        3.720425605773926,
        3.696446657180786,
        3.6693058013916016,
        3.6424789428710938,
        3.6136653423309326,
        3.594587564468384,
        3.574209451675415,
        3.561030626296997,
        3.537170648574829,
        3.531038999557495,
        3.503815174102783,
        3.493253469467163,
        3.473374366760254,
        3.446977138519287,
        3.4386048316955566,
        3.421961545944214,
        3.4164063930511475,
        3.400380849838257,
        3.388573408126831,
        3.3703083992004395,
        3.363081932067871,
        3.352661371231079,
        3.3304975032806396,
        3.319042444229126,
        3.3093435764312744,
        3.289843797683716,
        3.298429250717163,
        3.26387619972229,
        3.2491466999053955,
        3.2481801509857178,
        3.244431734085083,
        3.238588333129883,
        3.2167932987213135,
        3.214860200881958,
        3.206728458404541,
        3.196502685546875
    ],
    "val_loss_hist": [
        4.373530387878418,
        4.191579341888428,
        4.07846736907959,
        4.010426044464111,
        3.920473575592041,
        3.8430094718933105,
        3.7667040824890137,
        3.7041425704956055,
        3.657944440841675,
        3.6134839057922363,
        3.573944091796875,
        3.519523859024048,
        3.4917569160461426,
        3.4518771171569824,
        3.4233357906341553,
        3.411468267440796,
        3.3833413124084473,
        3.3390233516693115,
        3.319993257522583,
        3.283984422683716,
        3.2528364658355713,
        3.237502336502075,
        3.229205846786499,
        3.2100610733032227,
        3.1831812858581543,
        3.1749138832092285,
        3.1855623722076416,
        3.145909547805786,
        3.129441976547241,
        3.138733148574829,
        3.1128525733947754,
        3.0907702445983887,
        3.083976984024048,
        3.0893330574035645,
        3.0777058601379395,
        3.046015739440918,
        3.044922351837158,
        3.044668436050415,
        3.0478014945983887,
        3.0295093059539795,
        3.0114145278930664,
        2.98368239402771,
        2.9991211891174316,
        2.983920097351074,
        2.983234405517578,
        2.9689009189605713,
        2.9742960929870605,
        2.9646401405334473,
        2.9595468044281006,
        2.9551353454589844
    ],
    "accuracy_hist": [
        0.0640999972820282,
        0.10040000081062317,
        0.11190000176429749,
        0.13249999284744263,
        0.15309999883174896,
        0.1665000021457672,
        0.1873999983072281,
        0.20389999449253082,
        0.21639999747276306,
        0.22010000050067902,
        0.23100000619888306,
        0.24469999969005585,
        0.24719999730587006,
        0.25999999046325684,
        0.2669000029563904,
        0.273499995470047,
        0.2782999873161316,
        0.2842000126838684,
        0.290800005197525,
        0.30219998955726624,
        0.3061999976634979,
        0.31299999356269836,
        0.31279999017715454,
        0.31540000438690186,
        0.31949999928474426,
        0.319599986076355,
        0.32260000705718994,
        0.33070001006126404,
        0.33970001339912415,
        0.3343000113964081,
        0.33869999647140503,
        0.34139999747276306,
        0.34439998865127563,
        0.34790000319480896,
        0.34630000591278076,
        0.34940001368522644,
        0.3580000102519989,
        0.35659998655319214,
        0.3555999994277954,
        0.35850000381469727,
        0.3564000129699707,
        0.36959999799728394,
        0.3668999969959259,
        0.3698999881744385,
        0.36730000376701355,
        0.3743000030517578,
        0.36910000443458557,
        0.37860000133514404,
        0.37540000677108765,
        0.3756999969482422
    ]
}