{
    "training_time": 1995.169358645042,
    "epochs": 50,
    "max_accuracy": 0.35359999537467957,
    "min_val_loss": 3.101531744003296,
    "min_train_loss": 3.027956962585449,
    "parameter_count": 8809380,
    "macs": 1862400,
    "train_loss_hist": [
        4.495764255523682,
        4.374955177307129,
        4.285006523132324,
        4.216333866119385,
        4.141950607299805,
        4.080068111419678,
        4.020679950714111,
        3.9617648124694824,
        3.9083211421966553,
        3.8675172328948975,
        3.839402914047241,
        3.788320779800415,
        3.7529609203338623,
        3.7166666984558105,
        3.6908798217773438,
        3.659729480743408,
        3.6302642822265625,
        3.5931813716888428,
        3.577465295791626,
        3.5538017749786377,
        3.5337135791778564,
        3.5084874629974365,
        3.4889261722564697,
        3.450394868850708,
        3.424715280532837,
        3.4107391834259033,
        3.3833200931549072,
        3.3650779724121094,
        3.3522212505340576,
        3.3286547660827637,
        3.3141579627990723,
        3.29638671875,
        3.281606435775757,
        3.262131452560425,
        3.236496925354004,
        3.219912052154541,
        3.1999523639678955,
        3.180860757827759,
        3.1678264141082764,
        3.1400599479675293,
        3.1355814933776855,
        3.110426187515259,
        3.098466634750366,
        3.0846996307373047,
        3.0659596920013428,
        3.046875,
        3.027956962585449,
        3.0255277156829834,
        3.0037550926208496,
        2.9783105850219727
    ],
    "val_loss_hist": [
        4.352692127227783,
        4.224738121032715,
        4.125222206115723,
        4.0334248542785645,
        3.9439735412597656,
        3.8711068630218506,
        3.8015007972717285,
        3.712327003479004,
        3.67337965965271,
        3.6241509914398193,
        3.5991907119750977,
        3.548610210418701,
        3.5042665004730225,
        3.462128162384033,
        3.4603328704833984,
        3.418996810913086,
        3.373054027557373,
        3.355201244354248,
        3.3336925506591797,
        3.324432373046875,
        3.3124122619628906,
        3.3012008666992188,
        3.2876176834106445,
        3.2325599193573,
        3.242079257965088,
        3.2194294929504395,
        3.206402063369751,
        3.197150230407715,
        3.201242446899414,
        3.178860902786255,
        3.1794402599334717,
        3.1716904640197754,
        3.1566362380981445,
        3.166445255279541,
        3.136610507965088,
        3.1437082290649414,
        3.143187999725342,
        3.1357922554016113,
        3.1304433345794678,
        3.138152599334717,
        3.1352620124816895,
        3.1131691932678223,
        3.1136183738708496,
        3.1100106239318848,
        3.1003472805023193,
        3.10612416267395,
        3.101531744003296,
        3.100821018218994,
        3.1255433559417725,
        3.1250650882720947
    ],
    "accuracy_hist": [
        0.07270000129938126,
        0.09359999746084213,
        0.11829999834299088,
        0.13490000367164612,
        0.156700000166893,
        0.17149999737739563,
        0.18860000371932983,
        0.20589999854564667,
        0.21389999985694885,
        0.22779999673366547,
        0.22849999368190765,
        0.24549999833106995,
        0.25380000472068787,
        0.26100000739097595,
        0.26269999146461487,
        0.27399998903274536,
        0.2824000120162964,
        0.28380000591278076,
        0.2897999882698059,
        0.29330000281333923,
        0.29600000381469727,
        0.2955999970436096,
        0.2994999885559082,
        0.311599999666214,
        0.31029999256134033,
        0.3190999925136566,
        0.32190001010894775,
        0.32089999318122864,
        0.32109999656677246,
        0.3231000006198883,
        0.32429999113082886,
        0.32519999146461487,
        0.33090001344680786,
        0.32519999146461487,
        0.3343000113964081,
        0.3327000141143799,
        0.3370000123977661,
        0.3386000096797943,
        0.3407000005245209,
        0.3402999937534332,
        0.33980000019073486,
        0.34310001134872437,
        0.3433000147342682,
        0.34549999237060547,
        0.34769999980926514,
        0.3490999937057495,
        0.35359999537467957,
        0.35339999198913574,
        0.34619998931884766,
        0.3474000096321106
    ]
}