{
    "training_time": 576.6261532069766,
    "epochs": 50,
    "max_accuracy": 0.3765999972820282,
    "min_val_loss": 3.0038068294525146,
    "min_train_loss": 3.053828239440918,
    "parameter_count": 2584036,
    "macs": 756480,
    "train_loss_hist": [
        4.528397083282471,
        4.37534236907959,
        4.287694931030273,
        4.2272162437438965,
        4.175410747528076,
        4.128880500793457,
        4.0781331062316895,
        4.027263164520264,
        3.9875621795654297,
        3.938197135925293,
        3.9030368328094482,
        3.8534047603607178,
        3.8134372234344482,
        3.7759578227996826,
        3.7549116611480713,
        3.723832130432129,
        3.6930668354034424,
        3.6528091430664062,
        3.6278293132781982,
        3.6117172241210938,
        3.58156418800354,
        3.552321434020996,
        3.52268385887146,
        3.4985458850860596,
        3.4620914459228516,
        3.4591290950775146,
        3.4291863441467285,
        3.403592348098755,
        3.3824079036712646,
        3.368523597717285,
        3.3400254249572754,
        3.333866834640503,
        3.3189821243286133,
        3.306359052658081,
        3.269543409347534,
        3.2577195167541504,
        3.2406203746795654,
        3.2300760746002197,
        3.1941094398498535,
        3.1895461082458496,
        3.1684818267822266,
        3.166564464569092,
        3.136482000350952,
        3.142746925354004,
        3.1024250984191895,
        3.106581449508667,
        3.0965259075164795,
        3.083327531814575,
        3.0758140087127686,
        3.053828239440918
    ],
    "val_loss_hist": [
        4.377577304840088,
        4.218410968780518,
        4.144460201263428,
        4.064453601837158,
        3.9936318397521973,
        3.9546446800231934,
        3.8682117462158203,
        3.828050374984741,
        3.7700741291046143,
        3.7231287956237793,
        3.6739492416381836,
        3.615575075149536,
        3.5735580921173096,
        3.541522264480591,
        3.5188944339752197,
        3.471613883972168,
        3.4437146186828613,
        3.388068914413452,
        3.3928701877593994,
        3.3784165382385254,
        3.3444597721099854,
        3.2978553771972656,
        3.2789084911346436,
        3.272827625274658,
        3.21462082862854,
        3.22153902053833,
        3.183574914932251,
        3.16024112701416,
        3.15696120262146,
        3.1381795406341553,
        3.1081228256225586,
        3.1181793212890625,
        3.1156954765319824,
        3.0700292587280273,
        3.08662486076355,
        3.073613166809082,
        3.0815086364746094,
        3.0622615814208984,
        3.038632392883301,
        3.039731502532959,
        3.0201873779296875,
        3.0114614963531494,
        2.9926319122314453,
        3.0143392086029053,
        3.0070345401763916,
        3.010939598083496,
        2.9903154373168945,
        2.9795079231262207,
        2.972243070602417,
        3.0038068294525146
    ],
    "accuracy_hist": [
        0.059700001031160355,
        0.08760000020265579,
        0.10599999874830246,
        0.11630000174045563,
        0.1331000030040741,
        0.14030000567436218,
        0.15410000085830688,
        0.17059999704360962,
        0.18629999458789825,
        0.19359999895095825,
        0.20600000023841858,
        0.22619999945163727,
        0.23090000450611115,
        0.24220000207424164,
        0.243599995970726,
        0.2615000009536743,
        0.26570001244544983,
        0.2777999937534332,
        0.28189998865127563,
        0.28279998898506165,
        0.2962000072002411,
        0.30489999055862427,
        0.3059000074863434,
        0.30300000309944153,
        0.3231000006198883,
        0.3124000132083893,
        0.32330000400543213,
        0.33160001039505005,
        0.32749998569488525,
        0.33500000834465027,
        0.33959999680519104,
        0.3398999869823456,
        0.3422999978065491,
        0.3531999886035919,
        0.3490999937057495,
        0.3474000096321106,
        0.35420000553131104,
        0.35359999537467957,
        0.3553999960422516,
        0.3544999957084656,
        0.3587000072002411,
        0.3612000048160553,
        0.37139999866485596,
        0.3675000071525574,
        0.36419999599456787,
        0.3662000000476837,
        0.36980000138282776,
        0.37130001187324524,
        0.37540000677108765,
        0.3765999972820282
    ]
}