{
    "training_time": 160.86722838599235,
    "epochs": 10,
    "max_accuracy": 0.24709999561309814,
    "min_val_loss": 3.544994592666626,
    "min_train_loss": 3.488208055496216,
    "parameter_count": 11227812,
    "macs": 1816096768,
    "train_loss_hist": [
        4.570101261138916,
        4.157288551330566,
        3.9374938011169434,
        3.8013389110565186,
        3.7062559127807617,
        3.6438775062561035,
        3.591766834259033,
        3.54843807220459,
        3.519223690032959,
        3.488208055496216
    ],
    "val_loss_hist": [
        4.3186187744140625,
        4.030660629272461,
        3.864084482192993,
        3.776237964630127,
        3.697730541229248,
        3.660810708999634,
        3.62272047996521,
        3.589303731918335,
        3.558460235595703,
        3.544994592666626
    ],
    "accuracy_hist": [
        0.0851999968290329,
        0.15139999985694885,
        0.18690000474452972,
        0.19949999451637268,
        0.21979999542236328,
        0.22619999945163727,
        0.23399999737739563,
        0.2402999997138977,
        0.24369999766349792,
        0.24709999561309814
    ]
}