{
    "training_time": 300.6732007749961,
    "epochs": 10,
    "max_accuracy": 0.5598999857902527,
    "min_val_loss": 2.255819082260132,
    "min_train_loss": 2.0908095836639404,
    "parameter_count": 11227812,
    "macs": 1816096768,
    "train_loss_hist": [
        2.884690999984741,
        2.3320982456207275,
        2.240274429321289,
        2.191105365753174,
        2.1655147075653076,
        2.1450395584106445,
        2.127551317214966,
        2.109483003616333,
        2.1062307357788086,
        2.0908095836639404
    ],
    "val_loss_hist": [
        2.7420995235443115,
        2.659289836883545,
        2.2935268878936768,
        2.2991690635681152,
        2.6512820720672607,
        2.6798999309539795,
        2.782064199447632,
        2.669401168823242,
        2.2701568603515625,
        2.255819082260132
    ],
    "accuracy_hist": [
        0.47999998927116394,
        0.5074999928474426,
        0.5419999957084656,
        0.5443999767303467,
        0.5131000280380249,
        0.5109999775886536,
        0.504800021648407,
        0.5097000002861023,
        0.553600013256073,
        0.5598999857902527
    ]
}