{
    "training_time": 168.2128449860029,
    "epochs": 5,
    "max_accuracy": 0.2071000039577484,
    "min_val_loss": 3.7184062004089355,
    "min_train_loss": 3.7117726802825928,
    "parameter_count": 11227812,
    "macs": 1816096768,
    "train_loss_hist": [
        4.582520008087158,
        4.163153648376465,
        3.9440982341766357,
        3.8081815242767334,
        3.7117726802825928
    ],
    "val_loss_hist": [
        4.338606834411621,
        4.048439979553223,
        3.8904995918273926,
        3.7845795154571533,
        3.7184062004089355
    ],
    "accuracy_hist": [
        0.07829999923706055,
        0.1363999992609024,
        0.17470000684261322,
        0.19380000233650208,
        0.2071000039577484
    ]
}