{
    "training_time": 494.5003487049835,
    "epochs": 5,
    "max_accuracy": 0.46639999747276306,
    "min_val_loss": 3.128013849258423,
    "min_train_loss": 2.397151470184326,
    "parameter_count": 27596254,
    "macs": 4493601809,
    "train_loss_hist": [
        4.1873321533203125,
        3.442969799041748,
        2.9385993480682373,
        2.607703447341919,
        2.397151470184326
    ],
    "val_loss_hist": [
        3.987799882888794,
        3.5546047687530518,
        3.2987828254699707,
        3.1751434803009033,
        3.128013849258423
    ],
    "accuracy_hist": [
        0.31610000133514404,
        0.39629998803138733,
        0.4325000047683716,
        0.4496000111103058,
        0.46639999747276306
    ]
}