{
    "training_time": 857.4545524209971,
    "epochs": 5,
    "max_accuracy": 0.6955999732017517,
    "min_val_loss": 1.938995361328125,
    "min_train_loss": 2.129612445831299,
    "parameter_count": 48914158,
    "macs": 8745716765,
    "train_loss_hist": [
        4.1162872314453125,
        3.2402865886688232,
        2.672334909439087,
        2.3307971954345703,
        2.129612445831299
    ],
    "val_loss_hist": [
        3.573838949203491,
        2.8265933990478516,
        2.364173412322998,
        2.0965664386749268,
        1.938995361328125
    ],
    "accuracy_hist": [
        0.510200023651123,
        0.6144999861717224,
        0.6575000286102295,
        0.6797999739646912,
        0.6955999732017517
    ]
}