{
    "training_time": 441.42460269195726,
    "epochs": 5,
    "max_accuracy": 0.6309999823570251,
    "min_val_loss": 2.7119574546813965,
    "min_train_loss": 2.9248902797698975,
    "parameter_count": 48914158,
    "macs": 0,
    "train_loss_hist": [
        4.4086012840271,
        3.9448442459106445,
        3.5445716381073,
        3.2069170475006104,
        2.9248902797698975
    ],
    "val_loss_hist": [
        4.140707015991211,
        3.690225601196289,
        3.3054394721984863,
        2.980365514755249,
        2.7119574546813965
    ],
    "accuracy_hist": [
        0.2425999939441681,
        0.477400004863739,
        0.5604000091552734,
        0.6014999747276306,
        0.6309999823570251
    ]
}