{
    "training_time": 847.8559858639492,
    "epochs": 5,
    "max_accuracy": 0.6990000009536743,
    "min_val_loss": 1.9351084232330322,
    "min_train_loss": 2.126594305038452,
    "parameter_count": 48914158,
    "macs": 8745716765,
    "train_loss_hist": [
        4.106819152832031,
        3.2353968620300293,
        2.665706157684326,
        2.327176809310913,
        2.126594305038452
    ],
    "val_loss_hist": [
        3.5625557899475098,
        2.8188281059265137,
        2.3585712909698486,
        2.0926287174224854,
        1.9351084232330322
    ],
    "accuracy_hist": [
        0.5029000043869019,
        0.6194999814033508,
        0.65829998254776,
        0.6827999949455261,
        0.6990000009536743
    ]
}