{
    "training_time": 584.8263010400115,
    "epochs": 5,
    "max_accuracy": 0.21410000324249268,
    "min_val_loss": 4.1909708976745605,
    "min_train_loss": 3.1525449752807617,
    "parameter_count": 27596254,
    "macs": 0,
    "train_loss_hist": [
        4.4333696365356445,
        4.036682605743408,
        3.6965463161468506,
        3.403143882751465,
        3.1525449752807617
    ],
    "val_loss_hist": [
        4.494244575500488,
        4.32399320602417,
        4.276036739349365,
        4.2202019691467285,
        4.1909708976745605
    ],
    "accuracy_hist": [
        0.07349999994039536,
        0.16840000450611115,
        0.1881999969482422,
        0.20090000331401825,
        0.21410000324249268
    ]
}