{
    "training_time": 458.9856263670372,
    "epochs": 5,
    "max_accuracy": 0.21170000731945038,
    "min_val_loss": 4.183460235595703,
    "min_train_loss": 3.154947280883789,
    "parameter_count": 27596254,
    "macs": 0,
    "train_loss_hist": [
        4.44169807434082,
        4.042891979217529,
        3.7007479667663574,
        3.407766103744507,
        3.154947280883789
    ],
    "val_loss_hist": [
        4.4916815757751465,
        4.36763334274292,
        4.285638809204102,
        4.226938724517822,
        4.183460235595703
    ],
    "accuracy_hist": [
        0.07180000096559525,
        0.1517000049352646,
        0.1860000044107437,
        0.20350000262260437,
        0.21170000731945038
    ]
}