{
    "training_time": 491.54333954001777,
    "epochs": 5,
    "max_accuracy": 0.542900025844574,
    "min_val_loss": 3.312562942504883,
    "min_train_loss": 1.7007627487182617,
    "parameter_count": 27596254,
    "macs": 4493601809,
    "train_loss_hist": [
        2.085585594177246,
        1.7709267139434814,
        1.7007627487182617,
        1.6716735363006592,
        1.6422001123428345
    ],
    "val_loss_hist": [
        3.2579166889190674,
        3.3000569343566895,
        3.312562942504883,
        3.3488271236419678,
        3.3819541931152344
    ],
    "accuracy_hist": [
        0.5295000076293945,
        0.5400000214576721,
        0.542900025844574,
        0.5393999814987183,
        0.539900004863739
    ]
}