{
    "training_time": 489.8533772720257,
    "epochs": 5,
    "max_accuracy": 0.2071000039577484,
    "min_val_loss": 4.220978736877441,
    "min_train_loss": 3.707321882247925,
    "parameter_count": 27596254,
    "macs": 0,
    "train_loss_hist": [
        4.451819896697998,
        4.05157995223999,
        3.707321882247925,
        3.4123175144195557,
        3.1631217002868652
    ],
    "val_loss_hist": [
        4.498511791229248,
        4.3718061447143555,
        4.220978736877441,
        4.2068610191345215,
        4.194952011108398
    ],
    "accuracy_hist": [
        0.0714000016450882,
        0.1459999978542328,
        0.2071000039577484,
        0.20180000364780426,
        0.20659999549388885
    ]
}