{
    "training_time": 2520.322992975998,
    "epochs": 150,
    "max_accuracy": 0.4341999888420105,
    "min_val_loss": 2.58416748046875,
    "min_train_loss": 2.556445837020874,
    "parameter_count": 4653540,
    "macs": 1192448,
    "train_loss_hist": [
        4.563453674316406,
        4.462772369384766,
        4.369767665863037,
        4.307352542877197,
        4.257199764251709,
        4.207070350646973,
        4.167571067810059,
        4.129705429077148,
        4.08450174331665,
        4.0559210777282715,
        4.026858806610107,
        3.9854607582092285,
        3.9468612670898438,
        3.9126083850860596,
        3.897216796875,
        3.8544974327087402,
        3.8372957706451416,
        3.810457706451416,
        3.7750091552734375,
        3.7635257244110107,
        3.7310328483581543,
        3.7218735218048096,
        3.702521800994873,
        3.687281370162964,
        3.6548843383789062,
        3.62750244140625,
        3.615708589553833,
        3.6046183109283447,
        3.5836050510406494,
        3.582489013671875,
        3.552548408508301,
        3.5405519008636475,
        3.5150797367095947,
        3.4972620010375977,
        3.487224578857422,
        3.474210500717163,
        3.4630229473114014,
        3.447812080383301,
        3.4268763065338135,
        3.4072184562683105,
        3.4050135612487793,
        3.3897831439971924,
        3.3879148960113525,
        3.374851703643799,
        3.358292579650879,
        3.3490829467773438,
        3.327265501022339,
        3.325289487838745,
        3.322143077850342,
        3.2993369102478027,
        3.2948806285858154,
        3.2886571884155273,
        3.280473232269287,
        3.2621817588806152,
        3.2502658367156982,
        3.246504306793213,
        3.2315449714660645,
        3.2298004627227783,
        3.2300896644592285,
        3.2039380073547363,
        3.1965861320495605,
        3.185537576675415,
        3.1770572662353516,
        3.1571602821350098,
        3.1716456413269043,
        3.1435277462005615,
        3.1461312770843506,
        3.134476661682129,
        3.1292083263397217,
        3.1119894981384277,
        3.0972416400909424,
        3.0918471813201904,
        3.09924578666687,
        3.071099042892456,
        3.0642802715301514,
        3.069443702697754,
        3.057163715362549,
        3.0346884727478027,
        3.0218918323516846,
        3.028596878051758,
        3.0208303928375244,
        3.0250422954559326,
        2.9896793365478516,
        2.995605945587158,
        2.988337755203247,
        2.9761710166931152,
        2.969959020614624,
        2.9700992107391357,
        2.945798635482788,
        2.9483745098114014,
        2.9211275577545166,
        2.9250521659851074,
        2.9246463775634766,
        2.909940719604492,
        2.8908724784851074,
        2.897188186645508,
        2.8838913440704346,
        2.8677451610565186,
        2.882307767868042,
        2.863593816757202,
        2.8625171184539795,
        2.8525190353393555,
        2.8460447788238525,
        2.82620906829834,
        2.817779541015625,
        2.8124897480010986,
        2.7986841201782227,
        2.793748140335083,
        2.7971277236938477,
        2.7762138843536377,
        2.7826826572418213,
        2.7764031887054443,
        2.7646608352661133,
        2.7726147174835205,
        2.741821527481079,
        2.741398334503174,
        2.7386295795440674,
        2.7426791191101074,
        2.7175912857055664,
        2.7121505737304688,
        2.7056868076324463,
        2.711185932159424,
        2.6912789344787598,
        2.682283639907837,
        2.6861727237701416,
        2.672412633895874,
        2.673365831375122,
        2.655790090560913,
        2.6503021717071533,
        2.6430552005767822,
        2.644688844680786,
        2.6349446773529053,
        2.640467643737793,
        2.6215317249298096,
        2.610558271408081,
        2.606132984161377,
        2.618260622024536,
        2.597658395767212,
        2.5992681980133057,
        2.5806725025177,
        2.570225238800049,
        2.5790531635284424,
        2.5577821731567383,
        2.556445837020874,
        2.553298234939575,
        2.550657033920288,
        2.5465686321258545,
        2.5279834270477295,
        2.5299108028411865,
        2.5137946605682373
    ],