{
    "training_time": 937.004643392982,
    "epochs": 50,
    "max_accuracy": 0.4359999895095825,
    "min_val_loss": 2.8263564109802246,
    "min_train_loss": 2.7255189418792725,
    "parameter_count": 3753700,
    "macs": 756480,
    "train_loss_hist": [
        4.537700176239014,
        4.419691562652588,
        4.326425075531006,
        4.259798526763916,
        4.190867900848389,
        4.139621734619141,
        4.091403484344482,
        4.036157131195068,
        3.974522352218628,
        3.923715829849243,
        3.8601551055908203,
        3.7877447605133057,
        3.7425477504730225,
        3.6956911087036133,
        3.655233144760132,
        3.604738235473633,
        3.558028221130371,
        3.523784637451172,
        3.4881677627563477,
        3.453622817993164,
        3.4202980995178223,
        3.379115104675293,
        3.355055809020996,
        3.3372867107391357,
        3.2954518795013428,
        3.2773284912109375,
        3.2522268295288086,
        3.2149181365966797,
        3.1821513175964355,
        3.170398235321045,
        3.140749454498291,
        3.1240758895874023,
        3.092151165008545,
        3.0654685497283936,
        3.0431923866271973,
        3.0241539478302,
        2.994074583053589,
        2.9810903072357178,
        2.9532008171081543,
        2.9277079105377197,
        2.91170334815979,
        2.877328395843506,
        2.8598763942718506,
        2.852961778640747,
        2.8177859783172607,
        2.8095176219940186,
        2.797999143600464,
        2.771500587463379,
        2.7476348876953125,
        2.7255189418792725
    ],
    "val_loss_hist": [
        4.433643341064453,
        4.287930965423584,
        4.17381477355957,
        4.08296012878418,
        4.012033939361572,
        3.9731032848358154,
        3.8934531211853027,
        3.8313770294189453,
        3.7460126876831055,
        3.692056179046631,
        3.6382617950439453,
        3.560380458831787,
        3.5127410888671875,
        3.439662218093872,
        3.362247943878174,
        3.3554279804229736,
        3.304867744445801,
        3.2566561698913574,
        3.2365424633026123,
        3.2039361000061035,
        3.146505355834961,
        3.136613130569458,
        3.1210756301879883,
        3.1472036838531494,
        3.0448293685913086,
        3.064939022064209,
        3.0335888862609863,
        3.007988214492798,
        2.9816761016845703,
        2.9581968784332275,
        2.954854965209961,
        2.952694892883301,
        2.919346332550049,
        2.9352660179138184,
        2.923239231109619,
        2.8965811729431152,
        2.8898942470550537,
        2.872220754623413,
        2.860441207885742,
        2.8667540550231934,
        2.8652873039245605,
        2.8495655059814453,
        2.869917154312134,
        2.865833282470703,
        2.852632999420166,
        2.8289833068847656,
        2.840888500213623,
        2.862433910369873,
        2.8532795906066895,
        2.8263564109802246
    ],
    "accuracy_hist": [
        0.04729999974370003,
        0.06129999831318855,
        0.08879999816417694,
        0.10639999806880951,
        0.1264999955892563,
        0.12200000137090683,
        0.14980000257492065,
        0.16820000112056732,
        0.18140000104904175,
        0.1979999989271164,
        0.20479999482631683,
        0.2320999950170517,
        0.24660000205039978,
        0.2621999979019165,
        0.28290000557899475,
        0.28439998626708984,
        0.29089999198913574,
        0.31060001254081726,
        0.3133000135421753,
        0.32580000162124634,
        0.3328999876976013,
        0.33719998598098755,
        0.34439998865127563,
        0.33469998836517334,
        0.36489999294281006,
        0.3564999997615814,
        0.3637999892234802,
        0.37529999017715454,
        0.3752000033855438,
        0.3853999972343445,
        0.38999998569488525,
        0.3864000141620636,
        0.39100000262260437,
        0.39469999074935913,
        0.40400001406669617,
        0.4066999852657318,
        0.40939998626708984,
        0.4146000146865845,
        0.41690000891685486,
        0.41769999265670776,
        0.4189000129699707,
        0.42080000042915344,
        0.4156999886035919,
        0.4221000075340271,
        0.4235000014305115,
        0.4253999888896942,
        0.4250999987125397,
        0.4262999892234802,
        0.4300999939441681,
        0.4359999895095825
    ]
}