{
    "training_time": 637.6206169860088,
    "epochs": 50,
    "max_accuracy": 0.38999998569488525,
    "min_val_loss": 3.041585922241211,
    "min_train_loss": 2.7988831996917725,
    "parameter_count": 17220516,
    "macs": 1862400,
    "train_loss_hist": [
        4.512227535247803,
        4.398468971252441,
        4.325496673583984,
        4.267757415771484,
        4.22631311416626,
        4.183492660522461,
        4.147773265838623,
        4.104806900024414,
        4.055668830871582,
        4.017884254455566,
        3.968883752822876,
        3.935439348220825,
        3.890573024749756,
        3.8358278274536133,
        3.7925827503204346,
        3.7422006130218506,
        3.715982675552368,
        3.674121618270874,
        3.6297242641448975,
        3.5889241695404053,
        3.5411837100982666,
        3.5366668701171875,
        3.493140697479248,
        3.4772424697875977,
        3.4395153522491455,
        3.3980021476745605,
        3.3628463745117188,
        3.3404552936553955,
        3.2995080947875977,
        3.277647018432617,
        3.251095771789551,
        3.2316150665283203,
        3.2103445529937744,
        3.1821625232696533,
        3.149606704711914,
        3.1366443634033203,
        3.101423501968384,
        3.0648229122161865,
        3.057203531265259,
        3.025799036026001,
        3.0085442066192627,
        2.992631196975708,
        2.952247381210327,
        2.937593698501587,
        2.904794692993164,
        2.898621082305908,
        2.8619861602783203,
        2.8628501892089844,
        2.8268229961395264,
        2.7988831996917725
    ],
    "val_loss_hist": [
        4.367532253265381,
        4.268100261688232,
        4.177820205688477,
        4.122165679931641,
        4.0487961769104,
        4.0539937019348145,
        3.9702179431915283,
        3.945472240447998,
        3.886457681655884,
        3.807034492492676,
        3.7935168743133545,
        3.737673759460449,
        3.706538200378418,
        3.6460518836975098,
        3.5459423065185547,
        3.4949421882629395,
        3.5127384662628174,
        3.4819345474243164,
        3.3968968391418457,
        3.39473032951355,
        3.3348231315612793,
        3.3504083156585693,
        3.311429977416992,
        3.2845983505249023,
        3.259518623352051,
        3.2326488494873047,
        3.250568389892578,
        3.185703992843628,
        3.1527791023254395,
        3.1513924598693848,
        3.144679069519043,
        3.1275596618652344,
        3.1456680297851562,
        3.1039609909057617,
        3.0957908630371094,
        3.1137471199035645,
        3.082563877105713,
        3.1027488708496094,
        3.074209690093994,
        3.0530574321746826,
        3.0850436687469482,
        3.0430941581726074,
        3.0550031661987305,
        3.050421714782715,
        3.0416629314422607,
        3.030226707458496,
        3.038917064666748,
        3.0347166061401367,
        3.0548086166381836,
        3.041585922241211
    ],
    "accuracy_hist": [
        0.06159999966621399,
        0.06939999759197235,
        0.08919999748468399,
        0.10260000079870224,
        0.10509999841451645,
        0.10949999839067459,
        0.12680000066757202,
        0.13420000672340393,
        0.1509000062942505,
        0.16840000450611115,
        0.17880000174045563,
        0.19220000505447388,
        0.1949000060558319,
        0.21549999713897705,
        0.23170000314712524,
        0.24899999797344208,
        0.24529999494552612,
        0.2506999969482422,
        0.27489998936653137,
        0.2750999927520752,
        0.29010000824928284,
        0.2892000079154968,
        0.2930000126361847,
        0.29670000076293945,
        0.3061999976634979,
        0.3142000138759613,
        0.3138999938964844,
        0.3262999951839447,
        0.3343999981880188,
        0.34299999475479126,
        0.3424000144004822,
        0.352400004863739,
        0.3416999876499176,
        0.3553999960422516,
        0.359499990940094,
        0.3506999909877777,
        0.3598000109195709,
        0.3614000082015991,
        0.3653999865055084,
        0.374099999666214,
        0.36039999127388,
        0.37549999356269836,
        0.37290000915527344,
        0.3750999867916107,
        0.3790999948978424,
        0.3806000053882599,
        0.382099986076355,
        0.38109999895095825,
        0.37700000405311584,
        0.38999998569488525
    ]
}