{
    "training_time": 707.922523132991,
    "epochs": 50,
    "max_accuracy": 0.33379998803138733,
    "min_val_loss": 3.190424680709839,
    "min_train_loss": 3.260601282119751,
    "parameter_count": 7325668,
    "macs": 756480,
    "train_loss_hist": [
        4.5534539222717285,
        4.484259128570557,
        4.436578750610352,
        4.381198883056641,
        4.345096111297607,
        4.299023151397705,
        4.274158954620361,
        4.242361068725586,
        4.200988292694092,
        4.186555862426758,
        4.153135776519775,
        4.137735843658447,
        4.11014461517334,
        4.088094234466553,
        4.062870979309082,
        4.027544975280762,
        4.004923343658447,
        3.9849257469177246,
        3.959056854248047,
        3.9325320720672607,
        3.912165403366089,
        3.8845245838165283,
        3.8487844467163086,
        3.8257267475128174,
        3.7946624755859375,
        3.7691702842712402,
        3.7350311279296875,
        3.7343509197235107,
        3.6948368549346924,
        3.6684439182281494,
        3.6433446407318115,
        3.618929386138916,
        3.6058404445648193,
        3.578700065612793,
        3.563603639602661,
        3.534727096557617,
        3.4953420162200928,
        3.4923095703125,
        3.4832961559295654,
        3.457428455352783,
        3.4315104484558105,
        3.403517246246338,
        3.3970279693603516,
        3.3801238536834717,
        3.3729491233825684,
        3.3396098613739014,
        3.3287487030029297,
        3.29258131980896,
        3.2887446880340576,
        3.260601282119751
    ],
    "val_loss_hist": [
        4.47711706161499,
        4.395932197570801,
        4.345500946044922,
        4.258193016052246,
        4.219510078430176,
        4.172509670257568,
        4.1580047607421875,
        4.097623825073242,
        4.06037712097168,
        4.026175498962402,
        4.003638744354248,
        3.983003616333008,
        3.961005210876465,
        3.9493465423583984,
        3.902925729751587,
        3.8485782146453857,
        3.8465468883514404,
        3.81361722946167,
        3.778947591781616,
        3.7778520584106445,
        3.733448028564453,
        3.7055323123931885,
        3.6369128227233887,
        3.6308040618896484,
        3.6092476844787598,
        3.590465784072876,
        3.5481176376342773,
        3.5610673427581787,
        3.517461061477661,
        3.4838993549346924,
        3.4587793350219727,
        3.4436869621276855,
        3.4157471656799316,
        3.403928756713867,
        3.3749396800994873,
        3.3533780574798584,
        3.339355945587158,
        3.3300821781158447,
        3.3345370292663574,
        3.3015708923339844,
        3.3126916885375977,
        3.2692625522613525,
        3.2751083374023438,
        3.2752461433410645,
        3.2682015895843506,
        3.243734359741211,
        3.211876153945923,
        3.213597059249878,
        3.2111165523529053,
        3.190424680709839
    ],
    "accuracy_hist": [
        0.030500000342726707,
        0.04019999876618385,
        0.05530000105500221,
        0.06459999829530716,
        0.07010000199079514,
        0.07970000058412552,
        0.08399999886751175,
        0.09700000286102295,
        0.09870000183582306,
        0.10620000213384628,
        0.11500000208616257,
        0.12389999628067017,
        0.12770000100135803,
        0.1307000070810318,
        0.13779999315738678,
        0.156700000166893,
        0.1517000049352646,
        0.1664000004529953,
        0.17159999907016754,
        0.18310000002384186,
        0.18279999494552612,
        0.19210000336170197,
        0.21170000731945038,
        0.2160000056028366,
        0.2248000055551529,
        0.23010000586509705,
        0.2378000020980835,
        0.23739999532699585,
        0.24570000171661377,
        0.2485000044107437,
        0.26429998874664307,
        0.26100000739097595,
        0.27320000529289246,
        0.27160000801086426,
        0.2858999967575073,
        0.2892000079154968,
        0.29010000824928284,
        0.302700012922287,
        0.2971999943256378,
        0.3028999865055084,
        0.30730000138282776,
        0.3100999891757965,
        0.3077999949455261,
        0.3095000088214874,
        0.3131999969482422,
        0.3156999945640564,
        0.32690000534057617,
        0.3278999924659729,
        0.32899999618530273,
        0.33379998803138733
    ]
}